"difficulty","question","metric","dimension","expected_answer","agent_answer","generated_sql","similarity_score","evaluation_grade","evaluation_reason"
"L1","What is the POA BILLED M/M Growth % for 2025-10?","POA BILLED M/M Growth %","N/A","### POA BILLED (2025-10)
**Answer**: 8.25% (MoM: USD 5,420.50 | 8.25%)

**Scope / Confidence**
- Includes all billing shipments (order_type = 'SHIPMENT')
- Data status: Month-end closed

**Context (optional)**
- The POA billed amount for 2025-10 grew 8.25% versus 2025-09, with a delta of USD 5,420.50.

[Recommended next step]
- Would you like a breakdown by ru/brand or by product hierarchy to understand which segments drove the MoM change?

<details>
<summary>Technical Log</summary>

- **SQL Query**: 
```sql
WITH current AS (
  SELECT SUM(total_sales) AS current_sales
  FROM ods.fact_monthly_sales_poa_billing
  WHERE year_month = '2025-10'
    AND order_type = 'SHIPMENT'
),
prior AS (
  SELECT SUM(total_sales) AS prior_sales
  FROM ods.fact_monthly_sales_poa_billing
  WHERE year_month = '2025-09'
    AND order_type = 'SHIPMENT'
),
delta AS (
  SELECT current_sales, prior_sales,
         (current_sales - prior_sales) AS delta,
         NULLIF((current_sales - prior_sales) / NULLIF(prior_sales,0) * 100, 0) AS growth_pct
  FROM current CROSS JOIN prior
)
SELECT current_sales, prior_sales, delta, growth_pct
FROM delta;
```
- **Filters Applied**: year_month IN ('2025-09','2025-10'), order_type = 'SHIPMENT'
- **Time Range**: 2025-09 to 2025-10
- **Data Source**: ods.fact_monthly_sales_poa_billing
</details>","POA Billed MoM Growth % (2025-10)
**Answer**: -3.59%

**Scope / Confidence**
- Includes all brands, order_type = 'SHIPMENT' (standard billing)
- Data status: Month-end closed

**Context**
- Indicates a 3.59% decrease in billed sales compared to the previous month (2025-09).

Would you like a breakdown by brand, region, or product group?

<details>
<summary>Technical Log</summary>

- SQL Query: Calculate the Month-over-Month (MoM) Growth Percentage for POA Billed (total sales, order_type = 'SHIPMENT') in 2025-10 vs. 2025-09.
- Filters Applied: order_type = 'SHIPMENT'
- Time Range: 2025-09 to 2025-10
- Data Source: fact_monthly_sales_poa_billing
</details>","[""WITH sales_data AS (\n  SELECT \n    year_month, \n    SUM(total_sales) AS total_sales\n  FROM ods.fact_monthly_sales_poa_billing\n  WHERE order_type = 'SHIPMENT'\n    AND year_month IN ('2025-10', '2025-09')\n  GROUP BY year_month\n)\nSELECT \n  CAST((curr.total_sales - prior.total_sales) * 100.0 / NULLIF(prior.total_sales, 0) AS DECIMAL(10,2)) AS MoM_percent\nFROM (SELECT total_sales FROM sales_data WHERE year_month = '2025-10') curr\nLEFT JOIN (SELECT total_sales FROM sales_data WHERE year_month = '2025-09') prior ON 1=1"", ""WITH sales_data AS (\n  SELECT \n    year_month, \n    SUM(total_sales) AS total_sales\n  FROM ods.fact_monthly_sales_poa_billing\n  WHERE order_type = 'SHIPMENT'\n    AND year_month IN ('2025-10', '2025-09')\n  GROUP BY year_month\n)\nSELECT \n  CAST((curr.total_sales - prior.total_sales) * 100.0 / NULLIF(prior.total_sales, 0) AS DECIMAL(10,2)) AS MoM_percent_growth\nFROM (SELECT total_sales FROM sales_data WHERE year_month = '2025-10') curr\nLEFT JOIN (SELECT total_sales FROM sales_data WHERE year_month = '2025-09') prior ON 1=1"", ""SELECT year_month, SUM(total_sales) AS total_backlog\\nFROM ods.fact_monthly_sales_poa_billing\\nWHERE order_type \\u003C\\u003E \\u0027SHIPMENT\\u0027 AND year_month = \\u00272025-02\\u0027\\nGROUP BY year_month\"",\""queryLanguage\"":\""sql\""},{\""question\"":\""Show me the total OTR sales for YAGEO. (Always assume this month it not provided time range.)\"",\""query\"":\""SELECT year_month, SUM(total_sales) as total_sales\\nFROM [ods].[fact_monthly_sales_poa_billing]\\nWHERE year_month = FORMAT(GETDATE(), \\u0027yyyy-MM\\u0027) \\nAND brand = \\u0027YAGEO\\u0027\\nGROUP BY year_month\"",\""queryLanguage\"":\""sql\""},{\""question\"":\""Compare total sales for Great China in 2024-12 with 2023-12 (YoY).\"",\""query\"":\""WITH sales_data AS (\\n  SELECT \\n    year_month, \\n    SUM(total_sales) AS total_sales\\n  FROM ods.fact_monthly_sales_poa_billing\\n  WHERE ru = \\u0027GREAT CHINA\\u0027 AND order_type = \\u0027SHIPMENT\\u0027\\n    AND year_month IN (\\u00272024-12\\u0027, \\u00272023-12\\u0027)\\n  GROUP BY year_month\\n)\\nSELECT \\n  curr.total_sales AS current_sales,\\n  prior.total_sales AS prior_sales,\\n  CAST((curr.total_sales - prior.total_sales) * 100.0 / NULLIF(prior.total_sales, 0) AS DECIMAL(10,2)) AS YoY_percent\\nFROM (SELECT total_sales FROM sales_data WHERE year_month = \\u00272024-12\\u0027) curr\\nLEFT JOIN (SELECT total_sales FROM sales_data WHERE year_month = \\u00272023-12\\u0027) prior ON 1=1\"",\""queryLanguage\"":\""sql\""},{\""question\"":\""show me the BB Ratio for PULSE in Jan 2025.\"",\""query\"":\""WITH bill AS (\\n\\tSELECT year_month, brand, SUM(total_sales) AS total_billing_sales\\n\\tFROM ods.fact_monthly_sales_poa_billing\\n\\tWHERE year_month = \\u00272025-01\\u0027 AND brand = \\u0027PULSE\\u0027 AND order_type = \\u0027SHIPMENT\\u0027\\n\\tGROUP BY year_month, brand\\n)\\n, book AS (\\n\\tSELECT year_month, brand, SUM(total_sales) AS total_booking_sales\\n\\tFROM ods.fact_monthly_sales_poa_booking\\n\\tWHERE year_month = \\u00272025-01\\u0027 AND brand = \\u0027PULSE\\u0027\\n\\tGROUP BY year_month, brand\\n)\\nSELECT a.year_month, a.brand, b.total_booking_sales, a.total_billing_sales, b.total_booking_sales/NULLIF(a.total_billing_sales, 0) AS BB_Ratio\\nFROM bill a\\nJOIN book b ON a.year_month = b.year_month AND a.brand = b.brand\"",\""queryLanguage\"":\""sql\""}]""]","25","FAIL","SQL/filters mismatch: Ground truth uses explicit two-month current/prior calculation (current vs prior with year_month = '2025-10' and '2025-09', order_type = 'SHIPMENT') and returns current_sales, prior_sales, delta, growth_pct. The provided agent log lacks explicit current/prior calculation, uses a generic description, and changes the dimension (mentions all brands vs all shipping billings) and source naming (ods vs plain). Additionally, the reported MoM value (-3.59%) contradicts the expected 8.25% and implies the SQL logic is not implemented as specified. Overall, the SQL correctness and dimension/filters do not align with the ground truth."
"L1","What is the POA Q/Q Growth % for Q2 2024?","POA Q/Q Growth %","N/A","### POA QoQ Growth (Q2 2024)
**Answer**: USD 4,850,000 (QoQ: USD 900,000 | 22.78%)

**Scope / Confidence**
- Includes all brands and regions; quarterly aggregation; no breakdown by dimension unless requested
- **Data status**: Month-end closed

**Context (optional)**
- Q2 2024 POA billing rose versus Q1 2024, led by stronger shipments in April and June. Would you like a breakdown by brand or region?

[Would you like a breakdown by brand or region?]

<details>
<summary>Technical Log</summary>

- **SQL Query**: 
  WITH curr AS (
    SELECT SUM(total_sales) AS curr_total
    FROM ods.fact_monthly_sales_poa_billing
    WHERE year_month IN ('2024-04','2024-05','2024-06')
  ),
  prev AS (
    SELECT SUM(total_sales) AS prev_total
    FROM ods.fact_monthly_sales_poa_billing
    WHERE year_month IN ('2024-01','2024-02','2024-03')
  )
  SELECT
    curr.curr_total AS current_period_total,
    prev.prev_total AS previous_period_total,
    (curr.curr_total - prev.prev_total) AS delta,
    NULLIF((curr.curr_total - prev.prev_total) / NULLIF(prev.prev_total,0), 0) AS growth_pct
  FROM curr CROSS JOIN prev;

- **Filters Applied**: year_month IN ('2024-04','2024-05','2024-06') for current; year_month IN ('2024-01','2024-02','2024-03') for previous
- **Time Range**: 2024-01 to 2024-06
- **Data Source**: ods.fact_monthly_sales_poa_billing
</details>","POA QoQ Growth % (Q2 2024)
**Answer**: 7.23%

**Scope / Confidence**
- Includes all brands and product groups covered under standard POA billing (order_type = 'SHIPMENT')
- Data status: Quarter-end closed

**Context**
- Indicates quarter-on-quarter growth from Q1 2024 to Q2 2024 in net sales billed shipments for POA.

Would you like a breakdown by brand or region?

<details>
<summary>Technical Log</summary>

- **SQL Query**: Calculated total billing sales for Q2 2024 vs Q1 2024, order_type = 'SHIPMENT'. QoQ Growth % = (Q2 2024 - Q1 2024)/Q1 2024.
- **Filters Applied**: order_type = 'SHIPMENT'; Q1 2024 (Jan-Mar), Q2 2024 (Apr-Jun)
- **Time Range**: 2024-01 to 2024-06
- **Data Source**: ods.fact_monthly_sales_poa_billing
</details>","[""WITH sales_data AS (\n  SELECT \n    CASE \n      WHEN year_month IN ('2024-04', '2024-05', '2024-06') THEN 'Q2_2024'\n      WHEN year_month IN ('2024-01', '2024-02', '2024-03') THEN 'Q1_2024'\n    END AS quarter,\n    SUM(total_sales) AS total_sales\n  FROM ods.fact_monthly_sales_poa_billing\n  WHERE order_type = 'SHIPMENT'\n    AND year_month IN ('2024-01', '2024-02', '2024-03', '2024-04', '2024-05', '2024-06')\n  GROUP BY \n    CASE \n      WHEN year_month IN ('2024-04', '2024-05', '2024-06') THEN 'Q2_2024'\n      WHEN year_month IN ('2024-01', '2024-02', '2024-03') THEN 'Q1_2024'\n    END\n)\nSELECT \n  CAST((q2.total_sales - q1.total_sales) * 1.0 / NULLIF(q1.total_sales, 0) AS DECIMAL(10,4)) AS QoQ_Growth_Percent\nFROM \n  (SELECT total_sales FROM sales_data WHERE quarter = 'Q2_2024') q2\n  CROSS JOIN\n  (SELECT total_sales FROM sales_data WHERE quarter = 'Q1_2024') q1"", ""WITH sales_data AS (\n  SELECT \n    CASE \n      WHEN year_month IN ('2024-04', '2024-05', '2024-06') THEN 'Q2_2024'\n      WHEN year_month IN ('2024-01', '2024-02', '2024-03') THEN 'Q1_2024'\n    END AS quarter,\n    SUM(total_sales) AS total_sales\n  FROM ods.fact_monthly_sales_poa_billing\n  WHERE order_type = 'SHIPMENT'\n    AND year_month IN ('2024-01', '2024-02', '2024-03', '2024-04', '2024-05', '2024-06')\n  GROUP BY \n    CASE \n      WHEN year_month IN ('2024-04', '2024-05', '2024-06') THEN 'Q2_2024'\n      WHEN year_month IN ('2024-01', '2024-02', '2024-03') THEN 'Q1_2024'\n    END\n)\nSELECT \n  CAST((q2.total_sales - q1.total_sales) * 1.0 / NULLIF(q1.total_sales, 0) AS DECIMAL(10,4)) AS QoQ_Growth_Percent\nFROM \n  (SELECT total_sales FROM sales_data WHERE quarter = 'Q2_2024') q2\nLEFT JOIN \n  (SELECT total_sales FROM sales_data WHERE quarter = 'Q1_2024') q1 ON 1=1"", ""WITH sales_data AS (\n  SELECT \n    CASE \n      WHEN year_month IN ('2024-04', '2024-05', '2024-06') THEN 'Q2_2024'\n      WHEN year_month IN ('2024-01', '2024-02', '2024-03') THEN 'Q1_2024'\n      ELSE NULL\n    END AS quarter,\n    SUM(total_sales) AS total_sales\n  FROM ods.fact_monthly_sales_poa_billing\n  WHERE order_type = 'SHIPMENT'\n    AND year_month IN ('2024-01', '2024-02', '2024-03', '2024-04', '2024-05', '2024-06')\n  GROUP BY \n    CASE \n      WHEN year_month IN ('2024-04', '2024-05', '2024-06') THEN 'Q2_2024'\n      WHEN year_month IN ('2024-01', '2024-02', '2024-03') THEN 'Q1_2024'\n      ELSE NULL\n    END\n)\nSELECT \n  CAST((q2.total_sales - q1.total_sales) * 1.0 / NULLIF(q1.total_sales, 0) AS DECIMAL(10,4)) AS QoQ_Growth_Percent\nFROM \n  (SELECT total_sales FROM sales_data WHERE quarter = 'Q2_2024') q2\n  CROSS JOIN \n  (SELECT total_sales FROM sales_data WHERE quarter = 'Q1_2024') q1"", ""SELECT \\n    year_month, \\n    SUM(total_sales) AS total_sales\\n  FROM ods.fact_monthly_sales_poa_billing\\n  WHERE ru = \\u0027GREAT CHINA\\u0027 AND order_type = \\u0027SHIPMENT\\u0027\\n    AND year_month IN (\\u00272024-12\\u0027, \\u00272023-12\\u0027)\\n  GROUP BY year_month\\n)\\nSELECT \\n  curr.total_sales AS current_sales,\\n  prior.total_sales AS prior_sales,\\n  CAST((curr.total_sales - prior.total_sales) * 100.0 / NULLIF(prior.total_sales, 0) AS DECIMAL(10,2)) AS YoY_percent\\nFROM (SELECT total_sales FROM sales_data WHERE year_month = \\u00272024-12\\u0027) curr\\nLEFT JOIN (SELECT total_sales FROM sales_data WHERE year_month = \\u00272023-12\\u0027) prior ON 1=1\"",\""queryLanguage\"":\""sql\""},{\""question\"":\""Show me the total OTR sales for YAGEO. (Always assume this month it not provided time range.)\"",\""query\"":\""SELECT year_month, SUM(total_sales) as total_sales\\nFROM [ods].[fact_monthly_sales_poa_billing]\\nWHERE year_month = FORMAT(GETDATE(), \\u0027yyyy-MM\\u0027) \\nAND brand = \\u0027YAGEO\\u0027\\nGROUP BY year_month\"",\""queryLanguage\"":\""sql\""},{\""question\"":\""Analyze Gross Profit (GP) for Brand YAGEO in Q4 2024.\"",\""query\"":\""SELECT \\n  SUM(total_sales) AS revenue,\\n  SUM(total_cost) AS cost,\\n  SUM(total_sales) - SUM(total_cost) AS gross_profit\\nFROM ods.fact_monthly_sales_poa_billing\\nWHERE brand = \\u0027YAGEO\\u0027 AND year_month IN (\\u00272024-10\\u0027, \\u00272024-11\\u0027, \\u00272024-12\\u0027) AND order_type = \\u0027SHIPMENT\\u0027\"",\""queryLanguage\"":\""sql\""},{\""question\"":\""Show me the total backlog sales in 2025 Feb.\"",\""query\"":\""SELECT year_month, SUM(total_sales) AS total_backlog\\nFROM ods.fact_monthly_sales_poa_billing\\nWHERE order_type \\u003C\\u003E \\u0027SHIPMENT\\u0027 AND year_month = \\u00272025-02\\u0027\\nGROUP BY year_month\"",\""queryLanguage\"":\""sql\""}]""]","62","FAIL","SQL logic is largely correct for QoQ growth (Q2 vs Q1) using 3-month aggregations and the standard growth_pct calculation with NULLIF. However, there is a notable mismatch in filters/scoping: the Agent SQL adds order_type = 'SHIPMENT' while the ground-truth SQL does not, and the scope in the ground-truth emphasizes 'POA billing' without restricting to shipments. The Agent?s approach (quarterly filters like Q1 and Q2) is conceptually similar to the expected month-range filtering, but the additional filter introduces a logic discrepancy that can affect the computed growth compared to the ground-truth query. No numerical values are being compared per instructions."
"L1","What is the POA Q/Q Growth % for Q3 2024?","POA Q/Q Growth %","N/A","### POA QoQ Growth (Q3 2024)
**Answer**: 11.39% (QoQ: USD +1,800,000 | 11.39%)

**Scope / Confidence**
- Includes POA bookings across all customers and regions (Booking table)
- **Data status**: Month-end closed

**Context (optional)**
- QoQ momentum improved into Q3 2024, driven by stronger demand in multiple regions.

Would you like a breakdown by brand or region for Q3 2024?

<details>
<summary>Technical Log</summary>

- **SQL Query**: 
WITH current AS (
  SELECT SUM(total_sales) AS current_poa
  FROM ods.fact_monthly_sales_poa_booking
  WHERE year_month IN ('2024-07','2024-08','2024-09')
),
prior AS (
  SELECT SUM(total_sales) AS prior_poa
  FROM ods.fact_monthly_sales_poa_booking
  WHERE year_month IN ('2024-04','2024-05','2024-06')
)
SELECT c.current_poa, p.prior_poa,
       (c.current_poa - p.prior_poa) AS delta_poa,
       (c.current_poa - p.prior_poa) / NULLIF(p.prior_poa, 0) AS growth_pct
FROM current c CROSS JOIN prior p;

- **Filters Applied**: year_month IN ('2024-07','2024-08','2024-09') for current; year_month IN ('2024-04','2024-05','2024-06') for prior
- **Time Range**: 2024-04 to 2024-09
- **Data Source**: ods.fact_monthly_sales_poa_booking
</details>","POA QoQ Growth % (Q3 2024)
Answer: 1.14%

Scope / Confidence
- Includes all brands and product groups; POA Billing only (order_type = 'SHIPMENT').
- Data status: Month-end closed

Context
- POA Billing Sales grew from 971,955,994.94 in Q2 2024 to 983,028,836.03 in Q3 2024 (QoQ Delta: 11,072,841.09 | Growth %: 1.14%).

Would you like a breakdown by brand or region?

<details>
<summary>Technical Log</summary>

- SQL Query: Calculated total shipment billing for Q2 and Q3 2024 across all brands, then computed QoQ Growth %.
- Filters Applied: order_type = 'SHIPMENT', year_month within Q2 and Q3 2024
- Time Range: 2024 Q2 and 2024 Q3
- Data Source: fact_monthly_sales_poa_billing
</details>","[""WITH quarterly_sales AS (\n  SELECT \n    CASE \n      WHEN year_month IN ('2024-04', '2024-05', '2024-06') THEN '2024 Q2'\n      WHEN year_month IN ('2024-07', '2024-08', '2024-09') THEN '2024 Q3'\n      ELSE NULL\n    END AS quarter,\n    SUM(total_sales) AS total_sales,\n    MAX(updated_date) AS updated_date\n  FROM ods.fact_monthly_sales_poa_billing\n  WHERE order_type = 'SHIPMENT'\n    AND year_month IN ('2024-04', '2024-05', '2024-06', '2024-07', '2024-08', '2024-09')\n  GROUP BY \n    CASE \n      WHEN year_month IN ('2024-04', '2024-05', '2024-06') THEN '2024 Q2'\n      WHEN year_month IN ('2024-07', '2024-08', '2024-09') THEN '2024 Q3'\n      ELSE NULL\n    END\n)\nSELECT \n  q2.total_sales AS Q2_2024_sales,\n  q2.updated_date AS Q2_2024_updated_date,\n  q3.total_sales AS Q3_2024_sales,\n  q3.updated_date AS Q3_2024_updated_date,\n  CAST((q3.total_sales - q2.total_sales) * 100.0 / NULLIF(q2.total_sales, 0) AS DECIMAL(10,2)) AS QoQ_Growth_Percent\nFROM \n  (SELECT total_sales, updated_date FROM quarterly_sales WHERE quarter = '2024 Q2') q2\nLEFT JOIN \n  (SELECT total_sales, updated_date FROM quarterly_sales WHERE quarter = '2024 Q3') q3\nON 1=1"", ""WITH quarterly_sales AS (\n  SELECT \n    CASE \n      WHEN year_month IN ('2024-04', '2024-05', '2024-06') THEN '2024 Q2'\n      WHEN year_month IN ('2024-07', '2024-08', '2024-09') THEN '2024 Q3'\n      WHEN year_month IN ('2024-01', '2024-02', '2024-03') THEN '2024 Q1'\n      WHEN year_month IN ('2024-10', '2024-11', '2024-12') THEN '2024 Q4'\n      ELSE NULL\n    END AS quarter,\n    SUM(total_sales) AS total_sales,\n    MAX(updated_date) AS updated_date\n  FROM ods.fact_monthly_sales_poa_billing\n  WHERE order_type = 'SHIPMENT'\n    AND year_month IN ('2024-01','2024-02','2024-03','2024-04','2024-05','2024-06','2024-07','2024-08','2024-09','2024-10','2024-11','2024-12')\n  GROUP BY \n    CASE \n      WHEN year_month IN ('2024-04', '2024-05', '2024-06') THEN '2024 Q2'\n      WHEN year_month IN ('2024-07', '2024-08', '2024-09') THEN '2024 Q3'\n      WHEN year_month IN ('2024-01', '2024-02', '2024-03') THEN '2024 Q1'\n      WHEN year_month IN ('2024-10', '2024-11', '2024-12') THEN '2024 Q4'\n      ELSE NULL\n    END\n)\nSELECT \n  q2.quarter AS quarter,\n  q2.total_sales AS total_sales,\n  q2.updated_date AS updated_date,\n  NULL AS QoQ_Growth_Percent\nFROM quarterly_sales q2\nWHERE q2.quarter = '2024 Q2'\n\nUNION ALL\n\nSELECT \n  q3.quarter AS quarter,\n  q3.total_sales AS total_sales,\n  q3.updated_date AS updated_date,\n  CAST((q3.total_sales - q2.total_sales) * 100.0 / NULLIF(q2.total_sales, 0) AS DECIMAL(10,2)) AS QoQ_Growth_Percent\nFROM \n  quarterly_sales q2\n  INNER JOIN quarterly_sales q3 ON q2.quarter = '2024 Q2' AND q3.quarter = '2024 Q3'"", ""WITH quarterly_sales AS (\n  SELECT\n    CASE \n      WHEN year_month IN ('2024-04', '2024-05', '2024-06') THEN '2024 Q2'\n      WHEN year_month IN ('2024-07', '2024-08', '2024-09') THEN '2024 Q3'\n      ELSE NULL\n    END AS quarter,\n    SUM(total_sales) AS total_sales,\n    MAX(updated_date) AS updated_date\n  FROM ods.fact_monthly_sales_poa_billing\n  WHERE order_type = 'SHIPMENT'\n    AND year_month IN ('2024-04', '2024-05', '2024-06', '2024-07', '2024-08', '2024-09')\n  GROUP BY\n    CASE \n      WHEN year_month IN ('2024-04', '2024-05', '2024-06') THEN '2024 Q2'\n      WHEN year_month IN ('2024-07', '2024-08', '2024-09') THEN '2024 Q3'\n      ELSE NULL\n    END\n)\nSELECT\n  curr.quarter,\n  curr.total_sales,\n  curr.updated_date,\n  prev.total_sales AS prior_quarter_sales,\n  CAST((curr.total_sales - prev.total_sales) * 100.0 / NULLIF(prev.total_sales, 0) AS DECIMAL(10,2)) AS QoQ_percent\nFROM (SELECT * FROM quarterly_sales WHERE quarter = '2024 Q3') curr\nLEFT JOIN (SELECT * FROM quarterly_sales WHERE quarter = '2024 Q2') prev\n  ON 1=1\nUNION ALL\nSELECT\n  prev.quarter,\n  prev.total_sales,\n  prev.updated_date,\n  NULL AS prior_quarter_sales,\n  NULL AS QoQ_percent\nFROM (SELECT * FROM quarterly_sales WHERE quarter = '2024 Q2') prev"", ""SELECT \\n    year_month, \\n    SUM(total_sales) AS total_sales\\n  FROM ods.fact_monthly_sales_poa_billing\\n  WHERE ru = \\u0027GREAT CHINA\\u0027 AND order_type = \\u0027SHIPMENT\\u0027\\n    AND year_month IN (\\u00272024-12\\u0027, \\u00272023-12\\u0027)\\n  GROUP BY year_month\\n)\\nSELECT \\n  curr.total_sales AS current_sales,\\n  prior.total_sales AS prior_sales,\\n  CAST((curr.total_sales - prior.total_sales) * 100.0 / NULLIF(prior.total_sales, 0) AS DECIMAL(10,2)) AS YoY_percent\\nFROM (SELECT total_sales FROM sales_data WHERE year_month = \\u00272024-12\\u0027) curr\\nLEFT JOIN (SELECT total_sales FROM sales_data WHERE year_month = \\u00272023-12\\u0027) prior ON 1=1\"",\""queryLanguage\"":\""sql\""},{\""question\"":\""Analyze Gross Profit (GP) for Brand YAGEO in Q4 2024.\"",\""query\"":\""SELECT \\n  SUM(total_sales) AS revenue,\\n  SUM(total_cost) AS cost,\\n  SUM(total_sales) - SUM(total_cost) AS gross_profit\\nFROM ods.fact_monthly_sales_poa_billing\\nWHERE brand = \\u0027YAGEO\\u0027 AND year_month IN (\\u00272024-10\\u0027, \\u00272024-11\\u0027, \\u00272024-12\\u0027) AND order_type = \\u0027SHIPMENT\\u0027\"",\""queryLanguage\"":\""sql\""},{\""question\"":\""Show me the total backlog sales in 2025 Feb.\"",\""query\"":\""SELECT year_month, SUM(total_sales) AS total_backlog\\nFROM ods.fact_monthly_sales_poa_billing\\nWHERE order_type \\u003C\\u003E \\u0027SHIPMENT\\u0027 AND year_month = \\u00272025-02\\u0027\\nGROUP BY year_month\"",\""queryLanguage\"":\""sql\""},{\""question\"":\""Show me the total OTR sales for YAGEO. (Always assume this month it not provided time range.)\"",\""query\"":\""SELECT year_month, SUM(total_sales) as total_sales\\nFROM [ods].[fact_monthly_sales_poa_billing]\\nWHERE year_month = FORMAT(GETDATE(), \\u0027yyyy-MM\\u0027) \\nAND brand = \\u0027YAGEO\\u0027\\nGROUP BY year_month\"",\""queryLanguage\"":\""sql\""}]""]","40","FAIL","SQL logic not aligned with Ground Truth: uses POA Booking table (ods.fact_monthly_sales_poa_booking) instead of POA Billing table (fact_monthly_sales_poa_billing) and omits the required filter order_type = 'SHIPMENT' for POA Billing. The current/prior aggregates should come from billing data with shipment filter; the provided SQL mixes the wrong data source and filters, even though the narrative result (1.14%) matches the Ground Truth."
"L1","What is the YoY growth percentage for POA BILLED in 2024 (vs 2023)?","YoY Growth %","N/A","### POA BILLED (YoY 2024 vs 2023)
**Answer**: USD 5,420,000.00 (YoY: 820,000.00 | 17.83%)

**Scope / Confidence**
- Includes Shipments only across 2023 and 2024
- **Data status**: Month-end closed

**Context (optional)**
- Year-over-year growth reflects total POA billed shipments for 2024 versus 2023.

[Follow-up suggestion: Would you like a breakdown by month or by region to see which periods contributed most to the growth?]

<details>
<summary>Technical Log</summary>

- **SQL Query**: 
```
WITH current_period AS (
  SELECT SUM(total_sales) AS current_sales
  FROM ods.fact_monthly_sales_poa_billing
  WHERE year_month BETWEEN '2024-01' AND '2024-12'
    AND order_type = 'SHIPMENT'
),
baseline_period AS (
  SELECT SUM(total_sales) AS prior_sales
  FROM ods.fact_monthly_sales_poa_billing
  WHERE year_month BETWEEN '2023-01' AND '2023-12'
    AND order_type = 'SHIPMENT'
)
SELECT current_period.current_sales,
       baseline_period.prior_sales,
       (current_period.current_sales - baseline_period.prior_sales) AS delta,
       ((current_period.current_sales - baseline_period.prior_sales) / NULLIF(baseline_period.prior_sales, 0)) AS growth
FROM current_period CROSS JOIN baseline_period;
```
- **Filters Applied**: order_type = 'SHIPMENT'
- **Time Range**: 2023-01 to 2024-12
- **Data Source**: ods.fact_monthly_sales_poa_billing
</details>","POA Billed YoY Growth % (2024 vs 2023)
**Answer**: 1.66%

**Scope / Confidence**
- Includes all brands and product groups, limited to POA BILLED (order_type = 'SHIPMENT')
- Data status: Covers full years 2023 and 2024 (year-to-date)

**Context**
- 2024 total sales: 3,788,954,302.43
- 2023 total sales: 3,727,089,549.05
- YoY growth indicates a slight positive trend for 2024 vs 2023.

Would you like a breakdown by brand, region, or product group?

<details>
<summary>Technical Log</summary>

- SQL Query: Calculate total_sales for 2024 and 2023 where order_type = 'SHIPMENT', then compute YoY growth percent.
- Filters Applied: order_type = 'SHIPMENT'
- Time Range: 2023 vs 2024 (full year)
- Data Source: fact_monthly_sales_poa_billing
</details>","[""WITH sales_data AS (\n  SELECT \n    LEFT(year_month, 4) AS sales_year, \n    SUM(total_sales) AS total_sales\n  FROM ods.fact_monthly_sales_poa_billing\n  WHERE order_type = 'SHIPMENT' AND LEFT(year_month, 4) IN ('2024', '2023')\n  GROUP BY LEFT(year_month, 4)\n)\nSELECT \n  curr.total_sales AS current_sales,\n  prior.total_sales AS prior_sales,\n  CAST((curr.total_sales - prior.total_sales) * 100.0 / NULLIF(prior.total_sales, 0) AS DECIMAL(10,2)) AS YoY_percent\nFROM (SELECT total_sales FROM sales_data WHERE sales_year = '2024') curr\nLEFT JOIN (SELECT total_sales FROM sales_data WHERE sales_year = '2023') prior ON 1=1"", ""WITH sales_data AS (\n  SELECT \n    LEFT(year_month, 4) AS sales_year, \n    SUM(total_sales) AS total_sales\n  FROM ods.fact_monthly_sales_poa_billing\n  WHERE order_type = 'SHIPMENT' AND LEFT(year_month, 4) IN ('2024', '2023')\n  GROUP BY LEFT(year_month, 4)\n)\nSELECT \n  curr.total_sales AS current_year_sales,\n  prior.total_sales AS prior_year_sales,\n  CAST((curr.total_sales - prior.total_sales) * 100.0 / NULLIF(prior.total_sales, 0) AS DECIMAL(10,2)) AS YoY_percent\nFROM (SELECT total_sales FROM sales_data WHERE sales_year = '2024') curr\nLEFT JOIN (SELECT total_sales FROM sales_data WHERE sales_year = '2023') prior ON 1=1"", ""SELECT \\n    year_month, \\n    SUM(total_sales) AS total_sales\\n  FROM ods.fact_monthly_sales_poa_billing\\n  WHERE ru = \\u0027GREAT CHINA\\u0027 AND order_type = \\u0027SHIPMENT\\u0027\\n    AND year_month IN (\\u00272024-12\\u0027, \\u00272023-12\\u0027)\\n  GROUP BY year_month\\n)\\nSELECT \\n  curr.total_sales AS current_sales,\\n  prior.total_sales AS prior_sales,\\n  CAST((curr.total_sales - prior.total_sales) * 100.0 / NULLIF(prior.total_sales, 0) AS DECIMAL(10,2)) AS YoY_percent\\nFROM (SELECT total_sales FROM sales_data WHERE year_month = \\u00272024-12\\u0027) curr\\nLEFT JOIN (SELECT total_sales FROM sales_data WHERE year_month = \\u00272023-12\\u0027) prior ON 1=1\"",\""queryLanguage\"":\""sql\""},{\""question\"":\""Show me the total OTR sales for YAGEO. (Always assume this month it not provided time range.)\"",\""query\"":\""SELECT year_month, SUM(total_sales) as total_sales\\nFROM [ods].[fact_monthly_sales_poa_billing]\\nWHERE year_month = FORMAT(GETDATE(), \\u0027yyyy-MM\\u0027) \\nAND brand = \\u0027YAGEO\\u0027\\nGROUP BY year_month\"",\""queryLanguage\"":\""sql\""},{\""question\"":\""Analyze Gross Profit (GP) for Brand YAGEO in Q4 2024.\"",\""query\"":\""SELECT \\n  SUM(total_sales) AS revenue,\\n  SUM(total_cost) AS cost,\\n  SUM(total_sales) - SUM(total_cost) AS gross_profit\\nFROM ods.fact_monthly_sales_poa_billing\\nWHERE brand = \\u0027YAGEO\\u0027 AND year_month IN (\\u00272024-10\\u0027, \\u00272024-11\\u0027, \\u00272024-12\\u0027) AND order_type = \\u0027SHIPMENT\\u0027\"",\""queryLanguage\"":\""sql\""},{\""question\"":\""Show me the total backlog sales in 2025 Feb.\"",\""query\"":\""SELECT year_month, SUM(total_sales) AS total_backlog\\nFROM ods.fact_monthly_sales_poa_billing\\nWHERE order_type \\u003C\\u003E \\u0027SHIPMENT\\u0027 AND year_month = \\u00272025-02\\u0027\\nGROUP BY year_month\"",\""queryLanguage\"":\""sql\""}]""]","35","FAIL","SQL logic and filters are correct: sums for 2024 vs 2023, filters on order_type = 'SHIPMENT', data source ods.fact_monthly_sales_poa_billing, full year range. However, the final reported YoY growth (1.66%) does not match the expected YoY growth (17.83%) for POA BILLED in 2024 vs 2023, and the expected absolute totals (USD 5,420,000.00) and delta (USD 820,000.00) are not provided. The discrepancy lies in the Actual answer text, not the SQL structure."
"L1","What is the POA BACKLOG Qty for 2024-12?","POA BACKLOG Qty","N/A","### POA BACKLOG Qty (2024-12)
**Answer**: 12,360 units

**Scope / Confidence**
- Includes all POA backlog bookings for 2024-12
- **Data status**: Month-end closed

**Context (optional)**
- December 2024 backlog quantity recorded in POA booking data.

Would you like a breakdown by region (ru) or by product family (pbg/pbu) as a follow-up?

<details>
<summary>Technical Log</summary>
- **SQL Query**: 
  SELECT SUM(total_qty) AS backlog_qty
  FROM ods.fact_monthly_sales_poa_booking
  WHERE year_month = '2024-12';
- **Filters Applied**: year_month = '2024-12'
- **Time Range**: 2024-12
- **Data Source**: ods.fact_monthly_sales_poa_booking
</details>","POA BACKLOG Quantity (2024-12)
**Answer**: 2,263,930 units

**Scope / Confidence**
- Includes all brands and business units
- **Data status**: Month-end closed

Would you like a breakdown by brand, region, or product group?

<details>
<summary>Technical Log</summary>

- **SQL Query**: Aggregated total_qty where order_type <> 'SHIPMENT' and year_month = '2024-12'
- **Filters Applied**: order_type <> 'SHIPMENT', year_month = '2024-12'
- **Time Range**: 2024-12 only
- **Data Source**: fact_monthly_sales_poa_billing
</details>","[""SELECT year_month, SUM(total_qty) AS total_backlog_qty, MAX(updated_date) AS updated_date\nFROM ods.fact_monthly_sales_poa_billing\nWHERE order_type <> 'SHIPMENT' AND year_month = '2024-12'\nGROUP BY year_month"", ""SELECT year_month, SUM(total_sales) AS total_backlog\\nFROM ods.fact_monthly_sales_poa_billing\\nWHERE order_type \\u003C\\u003E \\u0027SHIPMENT\\u0027 AND year_month = \\u00272025-02\\u0027\\nGROUP BY year_month\"",\""queryLanguage\"":\""sql\""},{\""question\"":\""Show me the total OTR sales for YAGEO. (Always assume this month it not provided time range.)\"",\""query\"":\""SELECT year_month, SUM(total_sales) as total_sales\\nFROM [ods].[fact_monthly_sales_poa_billing]\\nWHERE year_month = FORMAT(GETDATE(), \\u0027yyyy-MM\\u0027) \\nAND brand = \\u0027YAGEO\\u0027\\nGROUP BY year_month\"",\""queryLanguage\"":\""sql\""},{\""question\"":\""Analyze Gross Profit (GP) for Brand YAGEO in Q4 2024.\"",\""query\"":\""SELECT \\n  SUM(total_sales) AS revenue,\\n  SUM(total_cost) AS cost,\\n  SUM(total_sales) - SUM(total_cost) AS gross_profit\\nFROM ods.fact_monthly_sales_poa_billing\\nWHERE brand = \\u0027YAGEO\\u0027 AND year_month IN (\\u00272024-10\\u0027, \\u00272024-11\\u0027, \\u00272024-12\\u0027) AND order_type = \\u0027SHIPMENT\\u0027\"",\""queryLanguage\"":\""sql\""},{\""question\"":\""Compare total sales for Great China in 2024-12 with 2023-12 (YoY).\"",\""query\"":\""WITH sales_data AS (\\n  SELECT \\n    year_month, \\n    SUM(total_sales) AS total_sales\\n  FROM ods.fact_monthly_sales_poa_billing\\n  WHERE ru = \\u0027GREAT CHINA\\u0027 AND order_type = \\u0027SHIPMENT\\u0027\\n    AND year_month IN (\\u00272024-12\\u0027, \\u00272023-12\\u0027)\\n  GROUP BY year_month\\n)\\nSELECT \\n  curr.total_sales AS current_sales,\\n  prior.total_sales AS prior_sales,\\n  CAST((curr.total_sales - prior.total_sales) * 100.0 / NULLIF(prior.total_sales, 0) AS DECIMAL(10,2)) AS YoY_percent\\nFROM (SELECT total_sales FROM sales_data WHERE year_month = \\u00272024-12\\u0027) curr\\nLEFT JOIN (SELECT total_sales FROM sales_data WHERE year_month = \\u00272023-12\\u0027) prior ON 1=1\"",\""queryLanguage\"":\""sql\""}]""]","25","FAIL","SQL logic, dimensions, and filters in the Agent answer do not align with the expected POA BACKLOG by bookings for 2024-12. The expected approach sums total_qty from ods.fact_monthly_sales_poa_booking with a simple year_month = '2024-12' filter. The Agent uses fact_monthly_sales_poa_billing, adds a filter order_type <> 'SHIPMENT', and computes backlog_qty from a different fact table, effectively counting a different measure (billing backlog vs. booking backlog) and potentially excluding shipments. This constitutes a data-source mismatch, dimensional mismatch (backlog bookings vs backlog quantity), and filtering differences. <details><summary>Technical Log</summary>- Expected SQL: SELECT SUM(total_qty) AS backlog_qty FROM ods.fact_monthly_sales_poa_booking WHERE year_month = '2024-12';- Expected Filters: year_month = '2024-12'- Expected Data Source: ods.fact_monthly_sales_poa_booking- Agent SQL: Aggregated total_qty WHERE order_type <> 'SHIPMENT' AND year_month = '2024-12' FROM fact_monthly_sales_poa_billing- Agent Filters: order_type <> 'SHIPMENT', year_month = '2024-12'- Agent Data Source: fact_monthly_sales_poa_billing</details>"
"L1","What is the POA Q/Q Growth % for Q2 2024?","POA Q/Q Growth %","N/A","### POA QoQ Growth % (Q2 2024)
**Answer**: 20.83%

**Scope / Confidence**
- Includes Booking totals for Q1 2024 and Q2 2024
- **Data status**: Month-end closed

**Context (optional)**
- QoQ growth indicates booking demand increased in Q2 2024 versus Q1 2024.
  - Delta: USD 250,000.00
  - Growth: 20.83%

[Would you like a breakdown by brand or region for these quarters?]

<details>
<summary>Technical Log</summary>

- **SQL Query**: 
  WITH current_q2 AS (
    SELECT SUM(total_sales) AS current_booking_total
    FROM ods.fact_monthly_sales_poa_booking
    WHERE year_month IN ('2024-04','2024-05','2024-06')
  ),
  baseline_q1 AS (
    SELECT SUM(total_sales) AS baseline_booking_total
    FROM ods.fact_monthly_sales_poa_booking
    WHERE year_month IN ('2024-01','2024-02','2024-03')
  )
  SELECT
    c.current_booking_total,
    b.baseline_booking_total,
    (c.current_booking_total - b.baseline_booking_total) AS delta_booking,
    ( (c.current_booking_total - b.baseline_booking_total) / NULLIF(b.baseline_booking_total, 0) ) * 100 AS growth_pct
  FROM current_q2 c CROSS JOIN baseline_q1 b;

- **Filters Applied**: year_month in Q1 2024 and Q2 2024
- **Time Range**: 2024-01 to 2024-06
- **Data Source**: ods.fact_monthly_sales_poa_booking
</details>","POA Q/Q Growth % (Q2 2024)
**Answer**: 7.23%

**Scope / Confidence**
- Includes all brands, product groups, and geographies under POA billing (order_type = 'SHIPMENT')
- Data status: Quarter-end closed (April?June 2024 compared to January?March 2024)

**Context**
- Q2 2024 total sales: 971,955,994.94
- Q1 2024 total sales: 906,392,804.74
- Q/Q growth: 65,563,190.20 (7.23%)

Would you like a further breakdown by brand, region, or product group?

<details>
<summary>Technical Log</summary>

- SQL Query: 
    - Calculate quarterly totals for order_type = 'SHIPMENT' for Q1 and Q2 2024.
    - Compute Q/Q Growth % as (Q2 - Q1) / NULLIF(Q1, 0)
- Filters Applied: order_type = 'SHIPMENT', Q1 2024 and Q2 2024
- Time Range: 2024-01 to 2024-06
- Data Source: ods.fact_monthly_sales_poa_billing
</details>","[""SELECT \n  SUM(CASE WHEN year_month IN ('2024-01', '2024-02', '2024-03') THEN total_sales ELSE 0 END) AS Q1_2024_total_sales,\n  SUM(CASE WHEN year_month IN ('2024-04', '2024-05', '2024-06') THEN total_sales ELSE 0 END) AS Q2_2024_total_sales\nFROM ods.fact_monthly_sales_poa_billing\nWHERE order_type = 'SHIPMENT'\n  AND year_month IN ('2024-01', '2024-02', '2024-03', '2024-04', '2024-05', '2024-06')"", ""SELECT \n  SUM(CASE WHEN year_month IN ('2024-04', '2024-05', '2024-06') THEN total_sales ELSE 0 END) AS Q2_2024_total_sales,\n  SUM(CASE WHEN year_month IN ('2024-01', '2024-02', '2024-03') THEN total_sales ELSE 0 END) AS Q1_2024_total_sales\nFROM ods.fact_monthly_sales_poa_billing\nWHERE order_type = 'SHIPMENT'\n  AND year_month IN ('2024-01', '2024-02', '2024-03', '2024-04', '2024-05', '2024-06')"", ""SELECT\n  SUM(CASE WHEN year_month IN ('2024-01', '2024-02', '2024-03') THEN total_sales ELSE 0 END) AS total_sales_Q1_2024,\n  SUM(CASE WHEN year_month IN ('2024-04', '2024-05', '2024-06') THEN total_sales ELSE 0 END) AS total_sales_Q2_2024\nFROM ods.fact_monthly_sales_poa_billing\nWHERE order_type = 'SHIPMENT'\n  AND year_month IN ('2024-01', '2024-02', '2024-03', '2024-04', '2024-05', '2024-06')"", ""SELECT year_month, SUM(total_sales) as total_sales\\nFROM [ods].[fact_monthly_sales_poa_billing]\\nWHERE year_month = FORMAT(GETDATE(), \\u0027yyyy-MM\\u0027) \\nAND brand = \\u0027YAGEO\\u0027\\nGROUP BY year_month\"",\""queryLanguage\"":\""sql\""},{\""question\"":\""Show me the total backlog sales in 2025 Feb.\"",\""query\"":\""SELECT year_month, SUM(total_sales) AS total_backlog\\nFROM ods.fact_monthly_sales_poa_billing\\nWHERE order_type \\u003C\\u003E \\u0027SHIPMENT\\u0027 AND year_month = \\u00272025-02\\u0027\\nGROUP BY year_month\"",\""queryLanguage\"":\""sql\""},{\""question\"":\""Compare total sales for Great China in 2024-12 with 2023-12 (YoY).\"",\""query\"":\""WITH sales_data AS (\\n  SELECT \\n    year_month, \\n    SUM(total_sales) AS total_sales\\n  FROM ods.fact_monthly_sales_poa_billing\\n  WHERE ru = \\u0027GREAT CHINA\\u0027 AND order_type = \\u0027SHIPMENT\\u0027\\n    AND year_month IN (\\u00272024-12\\u0027, \\u00272023-12\\u0027)\\n  GROUP BY year_month\\n)\\nSELECT \\n  curr.total_sales AS current_sales,\\n  prior.total_sales AS prior_sales,\\n  CAST((curr.total_sales - prior.total_sales) * 100.0 / NULLIF(prior.total_sales, 0) AS DECIMAL(10,2)) AS YoY_percent\\nFROM (SELECT total_sales FROM sales_data WHERE year_month = \\u00272024-12\\u0027) curr\\nLEFT JOIN (SELECT total_sales FROM sales_data WHERE year_month = \\u00272023-12\\u0027) prior ON 1=1\"",\""queryLanguage\"":\""sql\""},{\""question\"":\""Analyze Gross Profit (GP) for Brand YAGEO in Q4 2024.\"",\""query\"":\""SELECT \\n  SUM(total_sales) AS revenue,\\n  SUM(total_cost) AS cost,\\n  SUM(total_sales) - SUM(total_cost) AS gross_profit\\nFROM ods.fact_monthly_sales_poa_billing\\nWHERE brand = \\u0027YAGEO\\u0027 AND year_month IN (\\u00272024-10\\u0027, \\u00272024-11\\u0027, \\u00272024-12\\u0027) AND order_type = \\u0027SHIPMENT\\u0027\"",\""queryLanguage\"":\""sql\""}]"", ""WITH sales_data AS (\n  SELECT \n    CASE \n      WHEN year_month IN ('2024-01', '2024-02', '2024-03') THEN 'Q1_2024'\n      WHEN year_month IN ('2024-04', '2024-05', '2024-06') THEN 'Q2_2024'\n    END AS quarter,\n    SUM(total_sales) AS total_sales\n  FROM ods.fact_monthly_sales_poa_billing\n  WHERE order_type = 'SHIPMENT'\n    AND year_month IN ('2024-01', '2024-02', '2024-03', '2024-04', '2024-05', '2024-06')\n  GROUP BY \n    CASE \n      WHEN year_month IN ('2024-01', '2024-02', '2024-03') THEN 'Q1_2024'\n      WHEN year_month IN ('2024-04', '2024-05', '2024-06') THEN 'Q2_2024'\n    END\n)\nSELECT \n  q2.total_sales AS q2_sales,\n  q1.total_sales AS q1_sales,\n  CAST((q2.total_sales - q1.total_sales) * 100.0 / NULLIF(q1.total_sales, 0) AS DECIMAL(10,2)) AS QoQ_Growth_Percent\nFROM (SELECT total_sales FROM sales_data WHERE quarter = 'Q2_2024') q2\nLEFT JOIN (SELECT total_sales FROM sales_data WHERE quarter = 'Q1_2024') q1 ON 1=1"", ""WITH sales_quarters AS (\n  SELECT \n    CASE \n      WHEN year_month IN ('2024-01', '2024-02', '2024-03') THEN 'Q1_2024'\n      WHEN year_month IN ('2024-04', '2024-05', '2024-06') THEN 'Q2_2024'\n    END AS sales_quarter,\n    SUM(total_sales) AS total_sales\n  FROM ods.fact_monthly_sales_poa_billing\n  WHERE order_type = 'SHIPMENT'\n    AND year_month IN ('2024-01', '2024-02', '2024-03', '2024-04', '2024-05', '2024-06')\n  GROUP BY \n    CASE \n      WHEN year_month IN ('2024-01', '2024-02', '2024-03') THEN 'Q1_2024'\n      WHEN year_month IN ('2024-04', '2024-05', '2024-06') THEN 'Q2_2024'\n    END\n)\nSELECT \n  q2.total_sales AS q2_sales,\n  q1.total_sales AS q1_sales,\n  CAST((q2.total_sales - q1.total_sales) * 100.0 / NULLIF(q1.total_sales, 0) AS DECIMAL(10,2)) AS Q_Q_Growth_percent\nFROM (SELECT total_sales FROM sales_quarters WHERE sales_quarter = 'Q2_2024') q2\nLEFT JOIN (SELECT total_sales FROM sales_quarters WHERE sales_quarter = 'Q1_2024') q1 ON 1=1"", ""WITH sales_quarter AS (\n  SELECT \n    CASE \n      WHEN year_month IN ('2024-01', '2024-02', '2024-03') THEN 'Q1-2024'\n      WHEN year_month IN ('2024-04', '2024-05', '2024-06') THEN 'Q2-2024'\n    END AS quarter,\n    SUM(total_sales) AS total_sales\n  FROM ods.fact_monthly_sales_poa_billing\n  WHERE order_type = 'SHIPMENT'\n    AND year_month IN ('2024-01', '2024-02', '2024-03', '2024-04', '2024-05', '2024-06')\n  GROUP BY\n    CASE \n      WHEN year_month IN ('2024-01', '2024-02', '2024-03') THEN 'Q1-2024'\n      WHEN year_month IN ('2024-04', '2024-05', '2024-06') THEN 'Q2-2024'\n    END\n)\nSELECT \n  q2.total_sales AS q2_sales,\n  q1.total_sales AS q1_sales,\n  CAST((q2.total_sales - q1.total_sales) * 100.0 / NULLIF(q1.total_sales, 0) AS DECIMAL(10,2)) AS QoQ_growth_percent\nFROM (SELECT total_sales FROM sales_quarter WHERE quarter = 'Q2-2024') q2\nLEFT JOIN (SELECT total_sales FROM sales_quarter WHERE quarter = 'Q1-2024') q1 ON 1=1"", ""SELECT \\n    year_month, \\n    SUM(total_sales) AS total_sales\\n  FROM ods.fact_monthly_sales_poa_billing\\n  WHERE ru = \\u0027GREAT CHINA\\u0027 AND order_type = \\u0027SHIPMENT\\u0027\\n    AND year_month IN (\\u00272024-12\\u0027, \\u00272023-12\\u0027)\\n  GROUP BY year_month\\n)\\nSELECT \\n  curr.total_sales AS current_sales,\\n  prior.total_sales AS prior_sales,\\n  CAST((curr.total_sales - prior.total_sales) * 100.0 / NULLIF(prior.total_sales, 0) AS DECIMAL(10,2)) AS YoY_percent\\nFROM (SELECT total_sales FROM sales_data WHERE year_month = \\u00272024-12\\u0027) curr\\nLEFT JOIN (SELECT total_sales FROM sales_data WHERE year_month = \\u00272023-12\\u0027) prior ON 1=1\"",\""queryLanguage\"":\""sql\""},{\""question\"":\""Analyze Gross Profit (GP) for Brand YAGEO in Q4 2024.\"",\""query\"":\""SELECT \\n  SUM(total_sales) AS revenue,\\n  SUM(total_cost) AS cost,\\n  SUM(total_sales) - SUM(total_cost) AS gross_profit\\nFROM ods.fact_monthly_sales_poa_billing\\nWHERE brand = \\u0027YAGEO\\u0027 AND year_month IN (\\u00272024-10\\u0027, \\u00272024-11\\u0027, \\u00272024-12\\u0027) AND order_type = \\u0027SHIPMENT\\u0027\"",\""queryLanguage\"":\""sql\""},{\""question\"":\""Show me the total OTR sales for YAGEO. (Always assume this month it not provided time range.)\"",\""query\"":\""SELECT year_month, SUM(total_sales) as total_sales\\nFROM [ods].[fact_monthly_sales_poa_billing]\\nWHERE year_month = FORMAT(GETDATE(), \\u0027yyyy-MM\\u0027) \\nAND brand = \\u0027YAGEO\\u0027\\nGROUP BY year_month\"",\""queryLanguage\"":\""sql\""},{\""question\"":\""Show me the total backlog sales in 2025 Feb.\"",\""query\"":\""SELECT year_month, SUM(total_sales) AS total_backlog\\nFROM ods.fact_monthly_sales_poa_billing\\nWHERE order_type \\u003C\\u003E \\u0027SHIPMENT\\u0027 AND year_month = \\u00272025-02\\u0027\\nGROUP BY year_month\"",\""queryLanguage\"":\""sql\""}]""]","28","FAIL","SQL/data alignment issues: The Agent?s query operates on ods.fact_monthly_sales_poa_booking (Booking) without filtering for POA Billing or order_type = 'SHIPMENT', whereas Ground Truth targets POA QoQ growth from the billing table with a specific filter (order_type = 'SHIPMENT'). The dimensions/filters do not match the expected scope (POA Billing). The QoQ calculation logic (Q2 vs Q1) is conceptually correct, but the dataset and filters are misaligned, so the result cannot be compared meaningfully."
"L1","What is the POA OTR Hit Rate % for 2024-08?","POA OTR Hit Rate %","N/A","### POA OTR Hit Rate % (2024-08)
**Answer**: 90.00%

**Scope / Confidence**
- Includes all POA order types for OTR and all POA bookings for the period
- **Data status**: Month-end closed

**Context (optional)**
- OTR Hit Rate measures the conversion of POA bookings to realized revenue in August 2024. A rate of 90.00% indicates strong alignment between bookings and revenue for that month.

[Would you like a breakdown by brand or region, or a YoY/MoM comparison for OTR hit rate?]

<details>
<summary>Technical Log</summary>

- **SQL Query**: 
```sql
WITH otr AS (
  SELECT SUM(total_sales) AS otr_total_sales
  FROM ods.fact_monthly_sales_poa_billing
  WHERE year_month = '2024-08'
),
booking AS (
  SELECT SUM(total_sales) AS booking_total_sales
  FROM ods.fact_monthly_sales_poa_booking
  WHERE year_month = '2024-08'
)
SELECT
  ROUND( (otr.otr_total_sales / NULLIF(booking.booking_total_sales, 0)) * 100, 2) AS otr_hit_rate_pct
FROM otr CROSS JOIN booking;
```
- **Filters Applied**: year_month = '2024-08' for both tables; OTR uses all order types (no SHIPMENT filter)
- **Time Range**: 2024-08
- **Data Source**: ods.fact_monthly_sales_poa_billing, ods.fact_monthly_sales_poa_booking
</details>","POA OTR Hit Rate % (2024-08)
**Answer**: 99.98%

**Scope / Confidence**
- Includes all brands and order types
- **Data status**: Month-end closed

**Context**
- OTR Hit Rate reflects the proportion of total billing sales recognized as actual shipments for the period.

Would you like a breakdown by brand, region, or comparison with previous months?

<details>
<summary>Technical Log</summary>

- **SQL Query**: Calculated POA OTR Hit Rate as total sales with order_type = 'SHIPMENT' divided by total sales for all order types for 2024-08.
- **Filters Applied**: year_month = '2024-08'
- **Time Range**: 2024-08
- **Data Source**: fact_monthly_sales_poa_billing
</details>","[""WITH shipment_sales AS (\n  SELECT \n    SUM(total_sales) AS shipment_total_sales\n  FROM ods.fact_monthly_sales_poa_billing\n  WHERE year_month = '2024-08' AND order_type = 'SHIPMENT'\n),\nall_sales AS (\n  SELECT \n    SUM(total_sales) AS all_total_sales,\n    MAX(updated_date) AS updated_date\n  FROM ods.fact_monthly_sales_poa_billing\n  WHERE year_month = '2024-08'\n)\nSELECT \n  a.shipment_total_sales,\n  b.all_total_sales,\n  CAST(a.shipment_total_sales * 100.0 / NULLIF(b.all_total_sales, 0) AS DECIMAL(10,2)) AS OTR_Hit_Rate_Percentage,\n  b.updated_date\nFROM shipment_sales a\nCROSS JOIN all_sales b"", ""WITH total_sales_all AS (\n    SELECT \n        SUM(total_sales) AS total_sales_all\n    FROM ods.fact_monthly_sales_poa_billing\n    WHERE year_month = '2024-08'\n), total_sales_shipment AS (\n    SELECT \n        SUM(total_sales) AS total_sales_shipment\n    FROM ods.fact_monthly_sales_poa_billing\n    WHERE year_month = '2024-08'\n      AND order_type = 'SHIPMENT'\n)\nSELECT \n    '2024-08' AS year_month,\n    ts.total_sales_shipment,\n    ta.total_sales_all,\n    CAST(ts.total_sales_shipment * 100.0 / NULLIF(ta.total_sales_all, 0) AS DECIMAL(10,2)) AS OTR_Hit_Rate_Percentage,\n    MAX(b.updated_date) AS updated_date\nFROM total_sales_shipment ts\nCROSS JOIN total_sales_all ta\nCROSS JOIN (SELECT updated_date FROM ods.fact_monthly_sales_poa_billing WHERE year_month = '2024-08') b"", ""WITH shipment_sales AS (\n    SELECT SUM(total_sales) AS shipment_total_sales\n    FROM ods.fact_monthly_sales_poa_billing\n    WHERE year_month = '2024-08' AND order_type = 'SHIPMENT'\n),\nall_sales AS (\n    SELECT SUM(total_sales) AS all_total_sales, MAX(updated_date) AS updated_date\n    FROM ods.fact_monthly_sales_poa_billing\n    WHERE year_month = '2024-08'\n)\nSELECT \n    s.shipment_total_sales,\n    a.all_total_sales,\n    CAST(s.shipment_total_sales * 100.0 / NULLIF(a.all_total_sales, 0) AS DECIMAL(10,2)) AS OTR_Hit_Rate_Percentage,\n    a.updated_date\nFROM shipment_sales s\nCROSS JOIN all_sales a"", ""SELECT year_month, SUM(total_sales) as total_sales\\nFROM [ods].[fact_monthly_sales_poa_billing]\\nWHERE year_month = FORMAT(GETDATE(), \\u0027yyyy-MM\\u0027) \\nAND brand = \\u0027YAGEO\\u0027\\nGROUP BY year_month\"",\""queryLanguage\"":\""sql\""},{\""question\"":\""Analyze Gross Profit (GP) for Brand YAGEO in Q4 2024.\"",\""query\"":\""SELECT \\n  SUM(total_sales) AS revenue,\\n  SUM(total_cost) AS cost,\\n  SUM(total_sales) - SUM(total_cost) AS gross_profit\\nFROM ods.fact_monthly_sales_poa_billing\\nWHERE brand = \\u0027YAGEO\\u0027 AND year_month IN (\\u00272024-10\\u0027, \\u00272024-11\\u0027, \\u00272024-12\\u0027) AND order_type = \\u0027SHIPMENT\\u0027\"",\""queryLanguage\"":\""sql\""},{\""question\"":\""show me the BB Ratio for PULSE in Jan 2025.\"",\""query\"":\""WITH bill AS (\\n\\tSELECT year_month, brand, SUM(total_sales) AS total_billing_sales\\n\\tFROM ods.fact_monthly_sales_poa_billing\\n\\tWHERE year_month = \\u00272025-01\\u0027 AND brand = \\u0027PULSE\\u0027 AND order_type = \\u0027SHIPMENT\\u0027\\n\\tGROUP BY year_month, brand\\n)\\n, book AS (\\n\\tSELECT year_month, brand, SUM(total_sales) AS total_booking_sales\\n\\tFROM ods.fact_monthly_sales_poa_booking\\n\\tWHERE year_month = \\u00272025-01\\u0027 AND brand = \\u0027PULSE\\u0027\\n\\tGROUP BY year_month, brand\\n)\\nSELECT a.year_month, a.brand, b.total_booking_sales, a.total_billing_sales, b.total_booking_sales/NULLIF(a.total_billing_sales, 0) AS BB_Ratio\\nFROM bill a\\nJOIN book b ON a.year_month = b.year_month AND a.brand = b.brand\"",\""queryLanguage\"":\""sql\""},{\""question\"":\""Compare total sales for Great China in 2024-12 with 2023-12 (YoY).\"",\""query\"":\""WITH sales_data AS (\\n  SELECT \\n    year_month, \\n    SUM(total_sales) AS total_sales\\n  FROM ods.fact_monthly_sales_poa_billing\\n  WHERE ru = \\u0027GREAT CHINA\\u0027 AND order_type = \\u0027SHIPMENT\\u0027\\n    AND year_month IN (\\u00272024-12\\u0027, \\u00272023-12\\u0027)\\n  GROUP BY year_month\\n)\\nSELECT \\n  curr.total_sales AS current_sales,\\n  prior.total_sales AS prior_sales,\\n  CAST((curr.total_sales - prior.total_sales) * 100.0 / NULLIF(prior.total_sales, 0) AS DECIMAL(10,2)) AS YoY_percent\\nFROM (SELECT total_sales FROM sales_data WHERE year_month = \\u00272024-12\\u0027) curr\\nLEFT JOIN (SELECT total_sales FROM sales_data WHERE year_month = \\u00272023-12\\u0027) prior ON 1=1\"",\""queryLanguage\"":\""sql\""}]""]","25","FAIL","SQL logic mismatch with ground truth. Ground truth defines POA OTR Hit Rate as Shipments (order_type = 'SHIPMENT') divided by Total shipments for 2024-08 within a single billing table (ods.fact_monthly_sales_poa_billing). The agent computes OTR hit rate as Billing total_sales divided by Booking total_sales using two separate tables (ods.fact_monthly_sales_poa_billing and ods.fact_monthly_sales_poa_booking). This changes both the numerator/denominator sources and the semantic meaning (realized revenue vs bookings). Although the reported numeric result may coincide in some datasets, the SQL logic does not align with the defined business rule in the ground truth. See collapsible technical log for the exact agent vs ground-truth SQL definitions. <details><summary>Technical Log</summary>
- Agent SQL (provided):
```
WITH otr AS (
  SELECT SUM(total_sales) AS otr_total_sales
  FROM ods.fact_monthly_sales_poa_billing
  WHERE year_month = '2024-08'
),
booking AS (
  SELECT SUM(total_sales) AS booking_total_sales
  FROM ods.fact_monthly_sales_poa_booking
  WHERE year_month = '2024-08'
)
SELECT
  ROUND( (otr.otr_total_sales / NULLIF(booking.booking_total_sales, 0)) * 100, 2) AS otr_hit_rate_pct
FROM otr CROSS JOIN booking;
```
- Ground Truth SQL (as described in the prompt):
```
WITH otr AS (
  SELECT SUM(total_sales) AS shipment_total_sales
  FROM ods.fact_monthly_sales_poa_billing
  WHERE year_month = '2024-08' AND order_type = 'SHIPMENT'
),
tot AS (
  SELECT SUM(total_sales) AS total_sales
  FROM ods.fact_monthly_sales_poa_billing
  WHERE year_month = '2024-08'
)
SELECT ROUND( (otr.shipment_total_sales / NULLIF(tot.total_sales, 0)) * 100, 2) AS otr_hit_rate_pct
FROM otr CROSS JOIN tot;
```
- Key difference: Numerator/denominator sources and dimension (SHIPMENT vs all order types, and single table vs cross-table calculation). That constitutes the logic gap.</details>"
"L1","What is the Total OTR Qty for 2024-08?","Total OTR Qty","N/A","### Total OTR Qty (2024-08)
**Answer**: 123,450 units

**Scope / Confidence**
- Includes all order types (OTR) for the specified month
- Single-month snapshot; no breakdown by brand, region, or product

**Data status**: Month-end closed

**Context (optional)**
- OTR quantity aggregates all orders that feed into revenue for August 2024, across shipment and non-shipment types.

[Would you like a breakdown by ru or product hierarchy?]

<details>
<summary>Technical Log</summary>

- **SQL Query**: 
```
SELECT year_month,
       SUM(total_qty) AS total_otr_qty
FROM ods.fact_monthly_sales_poa_billing
WHERE year_month = '2024-08'
GROUP BY year_month;
```

- **Filters Applied**: year_month = '2024-08' (OTR: include all order types)
- **Time Range**: 2024-08 to 2024-08
- **Data Source**: ods.fact_monthly_sales_poa_billing
</details>","Total OTR Quantity (2024-08)
Answer: 98,952,059,736 units

Scope / Confidence
- Includes all brands, order types (both Shipment and Non-Shipment), and product groups.
- Data status: Month-end closed

Context (optional)
- ?OTR? covers the entire spectrum of billing sales for the period, not limited to physical shipments.

Would you like a breakdown by brand, product group, or region?

<details>
<summary>Technical Log</summary>

- SQL Query: Calculate the Total OTR Quantity (all order types, not just shipment) for the period 2024-08.
- Filters Applied: year_month = '2024-08'; no order_type filter (includes all types)
- Time Range: 2024-08
- Data Source: fact_monthly_sales_poa_billing
</details>","[""SELECT year_month, SUM(total_qty) AS total_otr_quantity, MAX(updated_date) AS updated_date\nFROM ods.fact_monthly_sales_poa_billing\nWHERE year_month = '2024-08'\nGROUP BY year_month"", ""SELECT year_month, SUM(total_sales) as total_sales\\nFROM [ods].[fact_monthly_sales_poa_billing]\\nWHERE year_month = FORMAT(GETDATE(), \\u0027yyyy-MM\\u0027) \\nAND brand = \\u0027YAGEO\\u0027\\nGROUP BY year_month\"",\""queryLanguage\"":\""sql\""},{\""question\"":\""Find quantity sold to Infineon Tech for 2025.\"",\""query\"":\""SELECT SUM(total_qty) AS total_quantity_sold\\nFROM ods.fact_monthly_sales_poa_billing\\nWHERE (customer_parent = \\u0027INFINEON TECHNOLOGIES\\u0027 OR local_assembler = \\u0027INFINEON TECHNOLOGIES\\u0027 OR final_customer = \\u0027INFINEON TECHNOLOGIES\\u0027)\\n  AND order_type = \\u0027SHIPMENT\\u0027\\n  AND year_month LIKE \\u00272025-%\\u0027\"",\""queryLanguage\"":\""sql\""},{\""question\"":\""Compare total sales for Great China in 2024-12 with 2023-12 (YoY).\"",\""query\"":\""WITH sales_data AS (\\n  SELECT \\n    year_month, \\n    SUM(total_sales) AS total_sales\\n  FROM ods.fact_monthly_sales_poa_billing\\n  WHERE ru = \\u0027GREAT CHINA\\u0027 AND order_type = \\u0027SHIPMENT\\u0027\\n    AND year_month IN (\\u00272024-12\\u0027, \\u00272023-12\\u0027)\\n  GROUP BY year_month\\n)\\nSELECT \\n  curr.total_sales AS current_sales,\\n  prior.total_sales AS prior_sales,\\n  CAST((curr.total_sales - prior.total_sales) * 100.0 / NULLIF(prior.total_sales, 0) AS DECIMAL(10,2)) AS YoY_percent\\nFROM (SELECT total_sales FROM sales_data WHERE year_month = \\u00272024-12\\u0027) curr\\nLEFT JOIN (SELECT total_sales FROM sales_data WHERE year_month = \\u00272023-12\\u0027) prior ON 1=1\"",\""queryLanguage\"":\""sql\""},{\""question\"":\""Show me the total backlog sales in 2025 Feb.\"",\""query\"":\""SELECT year_month, SUM(total_sales) AS total_backlog\\nFROM ods.fact_monthly_sales_poa_billing\\nWHERE order_type \\u003C\\u003E \\u0027SHIPMENT\\u0027 AND year_month = \\u00272025-02\\u0027\\nGROUP BY year_month\"",\""queryLanguage\"":\""sql\""}]""]","35","FAIL","SQL logic is conceptually close (sum of total_qty for year_month = '2024-08'), but the delivered content diverges from the expected scope: - Dimensions: Expected a single-month snapshot with no breakdown (no brand, region, or product hierarchy). The provided answer includes broader dimensions (all brands, product groups) and explicitly mentions shipment vs non-shipment, which violates the expected scope. - Data source naming: Expected ods.fact_monthly_sales_poa_billing; the technical log references fact_monthly_sales_poa_billing (missing the ods prefix). - The reported numeric value differs, but numeric values are not the basis for scoring; the primary issue is the scope/dimensions and explicit SQL details. Overall, the SQL approach is not aligned with the required constraints."
"L1","What is the POA BB Qty Ratio for 2024-12 on a MoM basis (vs 2024-11)?","BB Ratio","N/A","### POA BB Qty Ratio (2024-12)
**Answer**: 1.038 (MoM: -0.044 | -4.09%)

**Scope / Confidence**
- Includes POA Booking Quantity and Billing Quantity (no breakdown by brand/region)
- Time Period: 2024-11 and 2024-12
- Data status: Month-end closed

**Context (optional)**
- The POA BB Qty Ratio reflects the ratio of POA booking quantity to billing quantity. The MoM change shows bookings grew more slowly than shipments in 2024-12 vs 2024-11.

Would you like a breakdown by brand or ru for deeper insight?

<details>
<summary>Technical Log</summary>

- **SQL Query**: 
  WITH booking AS (
    SELECT year_month,
           SUM(total_qty) AS booking_qty
    FROM ods.fact_monthly_sales_poa_booking
    WHERE year_month IN ('2024-11','2024-12')
    GROUP BY year_month
  ),
  billing AS (
    SELECT year_month,
           SUM(total_qty) AS billing_qty
    FROM ods.fact_monthly_sales_poa_billing
    WHERE year_month IN ('2024-11','2024-12')
    GROUP BY year_month
  ),
  ratio AS (
    SELECT b.year_month,
           b.booking_qty,
           COALESCE(bl.billing_qty,0) AS billing_qty,
           CASE WHEN COALESCE(bl.billing_qty,0) = 0 THEN NULL ELSE b.booking_qty / NULLIF(bl.billing_qty,0) END AS bb_qty_ratio
    FROM booking b
    LEFT JOIN billing bl ON bl.year_month = b.year_month
  )
  SELECT
    MAX(CASE WHEN year_month = '2024-12' THEN bb_qty_ratio END) AS current_bb_qty_ratio,
    MAX(CASE WHEN year_month = '2024-11' THEN bb_qty_ratio END) AS prior_bb_qty_ratio,
    (MAX(CASE WHEN year_month = '2024-12' THEN bb_qty_ratio END) - MAX(CASE WHEN year_month = '2024-11' THEN bb_qty_ratio END)) AS delta,
    (CASE WHEN MAX(CASE WHEN year_month = '2024-11' THEN bb_qty_ratio END) = 0 THEN NULL
          ELSE (MAX(CASE WHEN year_month = '2024-12' THEN bb_qty_ratio END)
                - MAX(CASE WHEN year_month = '2024-11' THEN bb_qty_ratio END))
               / NULLIF(MAX(CASE WHEN year_month = '2024-11' THEN bb_qty_ratio END),0)
     END) AS growth
  FROM ratio;

- **Filters Applied**: year_month IN ('2024-11','2024-12')
- **Time Range**: 2024-11 to 2024-12
- **Data Source**: ods.fact_monthly_sales_poa_booking, ods.fact_monthly_sales_poa_billing
</details>","POA BB Qty Ratio (2024-12, MoM vs 2024-11)
**Answer**: 1.099 (MoM: +0.107 | +10.8%)

**Scope / Confidence**
- Includes all brands, regions, and product groups
- **Data status**: Month-end closed

**Context**
- POA BB Qty Ratio for December 2024 is 1.099, up from 0.992 in November 2024.
- Delta: +0.107
- Growth: +10.8%
- Indicates booking quantities have increased relative to billing shipment quantities MoM.

Would you like a breakdown by brand, region, or another dimension?

<details>
<summary>Technical Log</summary>

- **SQL Query (2024-12)**:
  ```
  SELECT SUM(total_qty) AS booking_total_qty FROM ods.fact_monthly_sales_poa_booking WHERE year_month = '2024-12';
  SELECT SUM(total_qty) AS billing_shipment_qty FROM ods.fact_monthly_sales_poa_billing WHERE year_month = '2024-12' AND order_type = 'SHIPMENT';
  ```
  Calculated: 1.099 (95,367,317,489 / 86,739,092,208)

- **SQL Query (2024-11)**:
  ```
  SELECT SUM(total_qty) AS booking_total_qty FROM ods.fact_monthly_sales_poa_booking WHERE year_month = '2024-11';
  SELECT SUM(total_qty) AS billing_shipment_qty FROM ods.fact_monthly_sales_poa_billing WHERE year_month = '2024-11' AND order_type = 'SHIPMENT';
  ```
  Calculated: 0.992 (88,334,571,448 / 89,011,329,041)

- **Filters Applied**: None other than year_month and order_type = 'SHIPMENT' for billing
- **Time Range**: 2024-11 to 2024-12
- **Data Source**: ods.fact_monthly_sales_poa_booking, ods.fact_monthly_sales_poa_billing
</details>","[""WITH billing AS (\n  SELECT year_month, SUM(total_qty) AS billing_shipment_qty, MAX(updated_date) AS billing_updated_date\n  FROM ods.fact_monthly_sales_poa_billing\n  WHERE year_month = '2024-12' AND order_type = 'SHIPMENT'\n  GROUP BY year_month\n),\nbooking AS (\n  SELECT year_month, SUM(total_qty) AS booking_total_qty, MAX(updated_date) AS booking_updated_date\n  FROM ods.fact_monthly_sales_poa_booking\n  WHERE year_month = '2024-12'\n  GROUP BY year_month\n)\nSELECT \n  booking.year_month,\n  booking.booking_total_qty,\n  billing.billing_shipment_qty,\n  booking.booking_total_qty / NULLIF(billing.billing_shipment_qty, 0) AS BB_Qty_Ratio,\n  booking.booking_updated_date AS booking_updated_date,\n  billing.billing_updated_date AS billing_updated_date\nFROM billing\nJOIN booking ON billing.year_month = booking.year_month"", ""WITH billing AS (\n  SELECT \n    year_month, \n    SUM(total_qty) AS billing_shipment_qty,\n    MAX(updated_date) AS billing_updated_date\n  FROM ods.fact_monthly_sales_poa_billing\n  WHERE year_month = '2024-12' AND order_type = 'SHIPMENT'\n  GROUP BY year_month\n),\nbooking AS (\n  SELECT \n    year_month, \n    SUM(total_qty) AS booking_total_qty,\n    MAX(updated_date) AS booking_updated_date\n  FROM ods.fact_monthly_sales_poa_booking\n  WHERE year_month = '2024-12'\n  GROUP BY year_month\n)\nSELECT \n  booking.year_month,\n  booking.booking_total_qty,\n  billing.billing_shipment_qty,\n  booking.booking_total_qty / NULLIF(billing.billing_shipment_qty, 0) AS BB_Qty_Ratio,\n  booking.booking_updated_date AS booking_updated_date,\n  billing.billing_updated_date AS billing_updated_date\nFROM booking\nJOIN billing ON booking.year_month = billing.year_month"", ""WITH bill AS (\n\tSELECT year_month, SUM(total_qty) AS billing_shipment_qty, MAX(updated_date) AS billing_updated_date\n\tFROM ods.fact_monthly_sales_poa_billing\n\tWHERE year_month = '2024-12' AND order_type = 'SHIPMENT'\n\tGROUP BY year_month\n),\nbook AS (\n\tSELECT year_month, SUM(total_qty) AS booking_total_qty, MAX(updated_date) AS booking_updated_date\n\tFROM ods.fact_monthly_sales_poa_booking\n\tWHERE year_month = '2024-12'\n\tGROUP BY year_month\n)\nSELECT \n\ta.year_month, \n\tb.booking_total_qty, \n\ta.billing_shipment_qty, \n\tb.booking_total_qty / NULLIF(a.billing_shipment_qty, 0) AS BB_Qty_Ratio,\n\tb.booking_updated_date AS booking_data_updated_date,\n\ta.billing_updated_date AS billing_data_updated_date\nFROM bill a\nJOIN book b ON a.year_month = b.year_month"", ""SELECT year_month, brand, SUM(total_sales) AS total_billing_sales\\n\\tFROM ods.fact_monthly_sales_poa_billing\\n\\tWHERE year_month = \\u00272025-01\\u0027 AND brand = \\u0027PULSE\\u0027 AND order_type = \\u0027SHIPMENT\\u0027\\n\\tGROUP BY year_month, brand\\n)\\n, book AS (\\n\\tSELECT year_month, brand, SUM(total_sales) AS total_booking_sales\\n\\tFROM ods.fact_monthly_sales_poa_booking\\n\\tWHERE year_month = \\u00272025-01\\u0027 AND brand = \\u0027PULSE\\u0027\\n\\tGROUP BY year_month, brand\\n)\\nSELECT a.year_month, a.brand, b.total_booking_sales, a.total_billing_sales, b.total_booking_sales/NULLIF(a.total_billing_sales, 0) AS BB_Ratio\\nFROM bill a\\nJOIN book b ON a.year_month = b.year_month AND a.brand = b.brand\"",\""queryLanguage\"":\""sql\""},{\""question\"":\""Show me the total OTR sales for YAGEO. (Always assume this month it not provided time range.)\"",\""query\"":\""SELECT year_month, SUM(total_sales) as total_sales\\nFROM [ods].[fact_monthly_sales_poa_billing]\\nWHERE year_month = FORMAT(GETDATE(), \\u0027yyyy-MM\\u0027) \\nAND brand = \\u0027YAGEO\\u0027\\nGROUP BY year_month\"",\""queryLanguage\"":\""sql\""},{\""question\"":\""Analyze Gross Profit (GP) for Brand YAGEO in Q4 2024.\"",\""query\"":\""SELECT \\n  SUM(total_sales) AS revenue,\\n  SUM(total_cost) AS cost,\\n  SUM(total_sales) - SUM(total_cost) AS gross_profit\\nFROM ods.fact_monthly_sales_poa_billing\\nWHERE brand = \\u0027YAGEO\\u0027 AND year_month IN (\\u00272024-10\\u0027, \\u00272024-11\\u0027, \\u00272024-12\\u0027) AND order_type = \\u0027SHIPMENT\\u0027\"",\""queryLanguage\"":\""sql\""},{\""question\"":\""Compare total sales for Great China in 2024-12 with 2023-12 (YoY).\"",\""query\"":\""WITH sales_data AS (\\n  SELECT \\n    year_month, \\n    SUM(total_sales) AS total_sales\\n  FROM ods.fact_monthly_sales_poa_billing\\n  WHERE ru = \\u0027GREAT CHINA\\u0027 AND order_type = \\u0027SHIPMENT\\u0027\\n    AND year_month IN (\\u00272024-12\\u0027, \\u00272023-12\\u0027)\\n  GROUP BY year_month\\n)\\nSELECT \\n  curr.total_sales AS current_sales,\\n  prior.total_sales AS prior_sales,\\n  CAST((curr.total_sales - prior.total_sales) * 100.0 / NULLIF(prior.total_sales, 0) AS DECIMAL(10,2)) AS YoY_percent\\nFROM (SELECT total_sales FROM sales_data WHERE year_month = \\u00272024-12\\u0027) curr\\nLEFT JOIN (SELECT total_sales FROM sales_data WHERE year_month = \\u00272023-12\\u0027) prior ON 1=1\"",\""queryLanguage\"":\""sql\""}]"", ""WITH bill AS (\n\tSELECT year_month, SUM(total_qty) AS billing_shipment_qty, MAX(updated_date) AS billing_updated_date\n\tFROM ods.fact_monthly_sales_poa_billing\n\tWHERE year_month = '2024-11' AND order_type = 'SHIPMENT'\n\tGROUP BY year_month\n)\n, book AS (\n\tSELECT year_month, SUM(total_qty) AS booking_total_qty, MAX(updated_date) AS booking_updated_date\n\tFROM ods.fact_monthly_sales_poa_booking\n\tWHERE year_month = '2024-11'\n\tGROUP BY year_month\n)\nSELECT \n\ta.year_month, \n\tb.booking_total_qty, \n\ta.billing_shipment_qty, \n\tCAST(b.booking_total_qty AS DECIMAL(18,4)) / NULLIF(a.billing_shipment_qty, 0) AS POA_BB_Qty_Ratio,\n\tb.booking_updated_date AS booking_data_updated_date,\n\ta.billing_updated_date AS billing_data_updated_date\nFROM bill a\nJOIN book b ON a.year_month = b.year_month"", ""WITH bill AS (\n\tSELECT year_month, SUM(total_qty) AS billing_shipment_qty\n\tFROM ods.fact_monthly_sales_poa_billing\n\tWHERE year_month = '2024-11' AND order_type = 'SHIPMENT'\n\tGROUP BY year_month\n)\n, book AS (\n\tSELECT year_month, SUM(total_qty) AS booking_total_qty\n\tFROM ods.fact_monthly_sales_poa_booking\n\tWHERE year_month = '2024-11'\n\tGROUP BY year_month\n)\nSELECT \n\ta.year_month, \n\tb.booking_total_qty, \n\ta.billing_shipment_qty, \n\tCAST(b.booking_total_qty AS DECIMAL(18,4))/NULLIF(CAST(a.billing_shipment_qty AS DECIMAL(18,4)), 0) AS POA_BB_Qty_Ratio\nFROM bill a\nJOIN book b ON a.year_month = b.year_month"", ""WITH bill AS (\n  SELECT year_month, SUM(total_qty) AS billing_shipment_qty\n  FROM ods.fact_monthly_sales_poa_billing\n  WHERE year_month = '2024-11' AND order_type = 'SHIPMENT'\n  GROUP BY year_month\n),\nbook AS (\n  SELECT year_month, SUM(total_qty) AS booking_total_qty\n  FROM ods.fact_monthly_sales_poa_booking\n  WHERE year_month = '2024-11'\n  GROUP BY year_month\n)\nSELECT \n  book.year_month,\n  book.booking_total_qty,\n  bill.billing_shipment_qty,\n  book.booking_total_qty / NULLIF(bill.billing_shipment_qty, 0) AS BB_Qty_Ratio\nFROM bill\nJOIN book ON bill.year_month = book.year_month"", ""SELECT year_month, brand, SUM(total_sales) AS total_billing_sales\\n\\tFROM ods.fact_monthly_sales_poa_billing\\n\\tWHERE year_month = \\u00272025-01\\u0027 AND brand = \\u0027PULSE\\u0027 AND order_type = \\u0027SHIPMENT\\u0027\\n\\tGROUP BY year_month, brand\\n)\\n, book AS (\\n\\tSELECT year_month, brand, SUM(total_sales) AS total_booking_sales\\n\\tFROM ods.fact_monthly_sales_poa_booking\\n\\tWHERE year_month = \\u00272025-01\\u0027 AND brand = \\u0027PULSE\\u0027\\n\\tGROUP BY year_month, brand\\n)\\nSELECT a.year_month, a.brand, b.total_booking_sales, a.total_billing_sales, b.total_booking_sales/NULLIF(a.total_billing_sales, 0) AS BB_Ratio\\nFROM bill a\\nJOIN book b ON a.year_month = b.year_month AND a.brand = b.brand\"",\""queryLanguage\"":\""sql\""},{\""question\"":\""Show me the total OTR sales for YAGEO. (Always assume this month it not provided time range.)\"",\""query\"":\""SELECT year_month, SUM(total_sales) as total_sales\\nFROM [ods].[fact_monthly_sales_poa_billing]\\nWHERE year_month = FORMAT(GETDATE(), \\u0027yyyy-MM\\u0027) \\nAND brand = \\u0027YAGEO\\u0027\\nGROUP BY year_month\"",\""queryLanguage\"":\""sql\""},{\""question\"":\""Analyze Gross Profit (GP) for Brand YAGEO in Q4 2024.\"",\""query\"":\""SELECT \\n  SUM(total_sales) AS revenue,\\n  SUM(total_cost) AS cost,\\n  SUM(total_sales) - SUM(total_cost) AS gross_profit\\nFROM ods.fact_monthly_sales_poa_billing\\nWHERE brand = \\u0027YAGEO\\u0027 AND year_month IN (\\u00272024-10\\u0027, \\u00272024-11\\u0027, \\u00272024-12\\u0027) AND order_type = \\u0027SHIPMENT\\u0027\"",\""queryLanguage\"":\""sql\""},{\""question\"":\""Compare total sales for Great China in 2024-12 with 2023-12 (YoY).\"",\""query\"":\""WITH sales_data AS (\\n  SELECT \\n    year_month, \\n    SUM(total_sales) AS total_sales\\n  FROM ods.fact_monthly_sales_poa_billing\\n  WHERE ru = \\u0027GREAT CHINA\\u0027 AND order_type = \\u0027SHIPMENT\\u0027\\n    AND year_month IN (\\u00272024-12\\u0027, \\u00272023-12\\u0027)\\n  GROUP BY year_month\\n)\\nSELECT \\n  curr.total_sales AS current_sales,\\n  prior.total_sales AS prior_sales,\\n  CAST((curr.total_sales - prior.total_sales) * 100.0 / NULLIF(prior.total_sales, 0) AS DECIMAL(10,2)) AS YoY_percent\\nFROM (SELECT total_sales FROM sales_data WHERE year_month = \\u00272024-12\\u0027) curr\\nLEFT JOIN (SELECT total_sales FROM sales_data WHERE year_month = \\u00272023-12\\u0027) prior ON 1=1\"",\""queryLanguage\"":\""sql\""}]""]","42","FAIL","The SQL logic concept (ratio of Booking Qty to Billing Qty by month and MoM delta) aligns with the target, but there are critical inconsistencies: (1) Billing filters are inconsistent across months in the technical log (SHIPMENT filter present for 2024-12 but not for 2024-11), which can alter the computed ratio; (2) The narrative Scope/Confidence claim states no breakdown by brand/region, but the provided text asserts all brands/regions, implying a mismatch between narrative and the actual (non-breakdown) SQL; (3) The numeric MoM value differs from the expected (the ground-truth values are not to be trusted for exact numbers, but the mismatch arises from the inconsistent billing filter and month aggregation logic). Overall, the SQL approach is not cleanly aligned with the ground-truth requirements due to filtering/dimensional inconsistencies, so the result should be considered a FAIL. "
